,0,1
0,Award-winning Physiotherapy/Physiotherapist Clinic Singapore ...,https://physioactive.sg/
1,Core Concepts: Physiotherapy Clinic in Singapore,https://physioactive.sg/
2,Physiotherapy (Physical Therapy) in Singapore | SSOC,https://physioactive.sg/
3,5 Best Physiotherapy Clinics in Singapore: Top Physiotherapists,https://physioactive.sg/
4,All the best physiotherapy clinics in Singapore - The Honeycombers,https://physioactive.sg/
5,"THE BEST 10 Physical Therapy in Singapore, Singapore - Last ...",https://physioactive.sg/
6,"Physiotherapy Singapore | Sports Physio, Sports Massage, Triathlon ...",https://physioactive.sg/
7,Physical Therapist Singapore | Meet Our Team | MoveFree Physio,https://physioactive.sg/
8,Singapore Physiotherapy Association,https://physioactive.sg/
9,Best Physiotherapy Clinic in Singapore | bmjtherapy.com,https://physioactive.sg/
10,Award-winning Physiotherapy/Physiotherapist Clinic Singapore ...,https://www.coreconcepts.com.sg/
11,Core Concepts: Physiotherapy Clinic in Singapore,https://www.coreconcepts.com.sg/
12,Physiotherapy (Physical Therapy) in Singapore | SSOC,https://www.coreconcepts.com.sg/
13,5 Best Physiotherapy Clinics in Singapore: Top Physiotherapists,https://www.coreconcepts.com.sg/
14,All the best physiotherapy clinics in Singapore - The Honeycombers,https://www.coreconcepts.com.sg/
15,"THE BEST 10 Physical Therapy in Singapore, Singapore - Last ...",https://www.coreconcepts.com.sg/
16,"Physiotherapy Singapore | Sports Physio, Sports Massage, Triathlon ...",https://www.coreconcepts.com.sg/
17,Physical Therapist Singapore | Meet Our Team | MoveFree Physio,https://www.coreconcepts.com.sg/
18,Singapore Physiotherapy Association,https://www.coreconcepts.com.sg/
19,Best Physiotherapy Clinic in Singapore | bmjtherapy.com,https://www.coreconcepts.com.sg/
20,Award-winning Physiotherapy/Physiotherapist Clinic Singapore ...,https://www.orthopaedics.com.sg/treatments/orthopaedic-treatments/physiotherapy/
21,Core Concepts: Physiotherapy Clinic in Singapore,https://www.orthopaedics.com.sg/treatments/orthopaedic-treatments/physiotherapy/
22,Physiotherapy (Physical Therapy) in Singapore | SSOC,https://www.orthopaedics.com.sg/treatments/orthopaedic-treatments/physiotherapy/
23,5 Best Physiotherapy Clinics in Singapore: Top Physiotherapists,https://www.orthopaedics.com.sg/treatments/orthopaedic-treatments/physiotherapy/
24,All the best physiotherapy clinics in Singapore - The Honeycombers,https://www.orthopaedics.com.sg/treatments/orthopaedic-treatments/physiotherapy/
25,"THE BEST 10 Physical Therapy in Singapore, Singapore - Last ...",https://www.orthopaedics.com.sg/treatments/orthopaedic-treatments/physiotherapy/
26,"Physiotherapy Singapore | Sports Physio, Sports Massage, Triathlon ...",https://www.orthopaedics.com.sg/treatments/orthopaedic-treatments/physiotherapy/
27,Physical Therapist Singapore | Meet Our Team | MoveFree Physio,https://www.orthopaedics.com.sg/treatments/orthopaedic-treatments/physiotherapy/
28,Singapore Physiotherapy Association,https://www.orthopaedics.com.sg/treatments/orthopaedic-treatments/physiotherapy/
29,Best Physiotherapy Clinic in Singapore | bmjtherapy.com,https://www.orthopaedics.com.sg/treatments/orthopaedic-treatments/physiotherapy/
30,Award-winning Physiotherapy/Physiotherapist Clinic Singapore ...,https://www.thebestsingapore.com/healthcare/best-physiotherapy-clinics-in-singapore/
31,Core Concepts: Physiotherapy Clinic in Singapore,https://www.thebestsingapore.com/healthcare/best-physiotherapy-clinics-in-singapore/
32,Physiotherapy (Physical Therapy) in Singapore | SSOC,https://www.thebestsingapore.com/healthcare/best-physiotherapy-clinics-in-singapore/
33,5 Best Physiotherapy Clinics in Singapore: Top Physiotherapists,https://www.thebestsingapore.com/healthcare/best-physiotherapy-clinics-in-singapore/
34,All the best physiotherapy clinics in Singapore - The Honeycombers,https://www.thebestsingapore.com/healthcare/best-physiotherapy-clinics-in-singapore/
35,"THE BEST 10 Physical Therapy in Singapore, Singapore - Last ...",https://www.thebestsingapore.com/healthcare/best-physiotherapy-clinics-in-singapore/
36,"Physiotherapy Singapore | Sports Physio, Sports Massage, Triathlon ...",https://www.thebestsingapore.com/healthcare/best-physiotherapy-clinics-in-singapore/
37,Physical Therapist Singapore | Meet Our Team | MoveFree Physio,https://www.thebestsingapore.com/healthcare/best-physiotherapy-clinics-in-singapore/
38,Singapore Physiotherapy Association,https://www.thebestsingapore.com/healthcare/best-physiotherapy-clinics-in-singapore/
39,Best Physiotherapy Clinic in Singapore | bmjtherapy.com,https://www.thebestsingapore.com/healthcare/best-physiotherapy-clinics-in-singapore/
40,Award-winning Physiotherapy/Physiotherapist Clinic Singapore ...,https://thehoneycombers.com/singapore/physiotherapy-in-singapore/
41,Core Concepts: Physiotherapy Clinic in Singapore,https://thehoneycombers.com/singapore/physiotherapy-in-singapore/
42,Physiotherapy (Physical Therapy) in Singapore | SSOC,https://thehoneycombers.com/singapore/physiotherapy-in-singapore/
43,5 Best Physiotherapy Clinics in Singapore: Top Physiotherapists,https://thehoneycombers.com/singapore/physiotherapy-in-singapore/
44,All the best physiotherapy clinics in Singapore - The Honeycombers,https://thehoneycombers.com/singapore/physiotherapy-in-singapore/
45,"THE BEST 10 Physical Therapy in Singapore, Singapore - Last ...",https://thehoneycombers.com/singapore/physiotherapy-in-singapore/
46,"Physiotherapy Singapore | Sports Physio, Sports Massage, Triathlon ...",https://thehoneycombers.com/singapore/physiotherapy-in-singapore/
47,Physical Therapist Singapore | Meet Our Team | MoveFree Physio,https://thehoneycombers.com/singapore/physiotherapy-in-singapore/
48,Singapore Physiotherapy Association,https://thehoneycombers.com/singapore/physiotherapy-in-singapore/
49,Best Physiotherapy Clinic in Singapore | bmjtherapy.com,https://thehoneycombers.com/singapore/physiotherapy-in-singapore/
50,Award-winning Physiotherapy/Physiotherapist Clinic Singapore ...,https://www.yelp.com/search%3Fcflt%3Dphysicaltherapy%26find_loc%3Dsingapore
51,Core Concepts: Physiotherapy Clinic in Singapore,https://www.yelp.com/search%3Fcflt%3Dphysicaltherapy%26find_loc%3Dsingapore
52,Physiotherapy (Physical Therapy) in Singapore | SSOC,https://www.yelp.com/search%3Fcflt%3Dphysicaltherapy%26find_loc%3Dsingapore
53,5 Best Physiotherapy Clinics in Singapore: Top Physiotherapists,https://www.yelp.com/search%3Fcflt%3Dphysicaltherapy%26find_loc%3Dsingapore
54,All the best physiotherapy clinics in Singapore - The Honeycombers,https://www.yelp.com/search%3Fcflt%3Dphysicaltherapy%26find_loc%3Dsingapore
55,"THE BEST 10 Physical Therapy in Singapore, Singapore - Last ...",https://www.yelp.com/search%3Fcflt%3Dphysicaltherapy%26find_loc%3Dsingapore
56,"Physiotherapy Singapore | Sports Physio, Sports Massage, Triathlon ...",https://www.yelp.com/search%3Fcflt%3Dphysicaltherapy%26find_loc%3Dsingapore
57,Physical Therapist Singapore | Meet Our Team | MoveFree Physio,https://www.yelp.com/search%3Fcflt%3Dphysicaltherapy%26find_loc%3Dsingapore
58,Singapore Physiotherapy Association,https://www.yelp.com/search%3Fcflt%3Dphysicaltherapy%26find_loc%3Dsingapore
59,Best Physiotherapy Clinic in Singapore | bmjtherapy.com,https://www.yelp.com/search%3Fcflt%3Dphysicaltherapy%26find_loc%3Dsingapore
60,Award-winning Physiotherapy/Physiotherapist Clinic Singapore ...,https://www.singaporephysio.com/
61,Core Concepts: Physiotherapy Clinic in Singapore,https://www.singaporephysio.com/
62,Physiotherapy (Physical Therapy) in Singapore | SSOC,https://www.singaporephysio.com/
63,5 Best Physiotherapy Clinics in Singapore: Top Physiotherapists,https://www.singaporephysio.com/
64,All the best physiotherapy clinics in Singapore - The Honeycombers,https://www.singaporephysio.com/
65,"THE BEST 10 Physical Therapy in Singapore, Singapore - Last ...",https://www.singaporephysio.com/
66,"Physiotherapy Singapore | Sports Physio, Sports Massage, Triathlon ...",https://www.singaporephysio.com/
67,Physical Therapist Singapore | Meet Our Team | MoveFree Physio,https://www.singaporephysio.com/
68,Singapore Physiotherapy Association,https://www.singaporephysio.com/
69,Best Physiotherapy Clinic in Singapore | bmjtherapy.com,https://www.singaporephysio.com/
70,Award-winning Physiotherapy/Physiotherapist Clinic Singapore ...,https://movefreephysio.com.sg/about-us/
71,Core Concepts: Physiotherapy Clinic in Singapore,https://movefreephysio.com.sg/about-us/
72,Physiotherapy (Physical Therapy) in Singapore | SSOC,https://movefreephysio.com.sg/about-us/
73,5 Best Physiotherapy Clinics in Singapore: Top Physiotherapists,https://movefreephysio.com.sg/about-us/
74,All the best physiotherapy clinics in Singapore - The Honeycombers,https://movefreephysio.com.sg/about-us/
75,"THE BEST 10 Physical Therapy in Singapore, Singapore - Last ...",https://movefreephysio.com.sg/about-us/
76,"Physiotherapy Singapore | Sports Physio, Sports Massage, Triathlon ...",https://movefreephysio.com.sg/about-us/
77,Physical Therapist Singapore | Meet Our Team | MoveFree Physio,https://movefreephysio.com.sg/about-us/
78,Singapore Physiotherapy Association,https://movefreephysio.com.sg/about-us/
79,Best Physiotherapy Clinic in Singapore | bmjtherapy.com,https://movefreephysio.com.sg/about-us/
80,Award-winning Physiotherapy/Physiotherapist Clinic Singapore ...,https://world.physio/membership/singapore
81,Core Concepts: Physiotherapy Clinic in Singapore,https://world.physio/membership/singapore
82,Physiotherapy (Physical Therapy) in Singapore | SSOC,https://world.physio/membership/singapore
83,5 Best Physiotherapy Clinics in Singapore: Top Physiotherapists,https://world.physio/membership/singapore
84,All the best physiotherapy clinics in Singapore - The Honeycombers,https://world.physio/membership/singapore
85,"THE BEST 10 Physical Therapy in Singapore, Singapore - Last ...",https://world.physio/membership/singapore
86,"Physiotherapy Singapore | Sports Physio, Sports Massage, Triathlon ...",https://world.physio/membership/singapore
87,Physical Therapist Singapore | Meet Our Team | MoveFree Physio,https://world.physio/membership/singapore
88,Singapore Physiotherapy Association,https://world.physio/membership/singapore
89,Best Physiotherapy Clinic in Singapore | bmjtherapy.com,https://world.physio/membership/singapore
90,Award-winning Physiotherapy/Physiotherapist Clinic Singapore ...,https://bmjtherapy.com/
91,Core Concepts: Physiotherapy Clinic in Singapore,https://bmjtherapy.com/
92,Physiotherapy (Physical Therapy) in Singapore | SSOC,https://bmjtherapy.com/
93,5 Best Physiotherapy Clinics in Singapore: Top Physiotherapists,https://bmjtherapy.com/
94,All the best physiotherapy clinics in Singapore - The Honeycombers,https://bmjtherapy.com/
95,"THE BEST 10 Physical Therapy in Singapore, Singapore - Last ...",https://bmjtherapy.com/
96,"Physiotherapy Singapore | Sports Physio, Sports Massage, Triathlon ...",https://bmjtherapy.com/
97,Physical Therapist Singapore | Meet Our Team | MoveFree Physio,https://bmjtherapy.com/
98,Singapore Physiotherapy Association,https://bmjtherapy.com/
99,Best Physiotherapy Clinic in Singapore | bmjtherapy.com,https://bmjtherapy.com/
100,Award-winning Physiotherapy/Physiotherapist Clinic Singapore ...,https://support.google.com/websearch%3Fp%3Dws_settings_location%26hl%3Den
101,Core Concepts: Physiotherapy Clinic in Singapore,https://support.google.com/websearch%3Fp%3Dws_settings_location%26hl%3Den
102,Physiotherapy (Physical Therapy) in Singapore | SSOC,https://support.google.com/websearch%3Fp%3Dws_settings_location%26hl%3Den
103,5 Best Physiotherapy Clinics in Singapore: Top Physiotherapists,https://support.google.com/websearch%3Fp%3Dws_settings_location%26hl%3Den
104,All the best physiotherapy clinics in Singapore - The Honeycombers,https://support.google.com/websearch%3Fp%3Dws_settings_location%26hl%3Den
105,"THE BEST 10 Physical Therapy in Singapore, Singapore - Last ...",https://support.google.com/websearch%3Fp%3Dws_settings_location%26hl%3Den
106,"Physiotherapy Singapore | Sports Physio, Sports Massage, Triathlon ...",https://support.google.com/websearch%3Fp%3Dws_settings_location%26hl%3Den
107,Physical Therapist Singapore | Meet Our Team | MoveFree Physio,https://support.google.com/websearch%3Fp%3Dws_settings_location%26hl%3Den
108,Singapore Physiotherapy Association,https://support.google.com/websearch%3Fp%3Dws_settings_location%26hl%3Den
109,Best Physiotherapy Clinic in Singapore | bmjtherapy.com,https://support.google.com/websearch%3Fp%3Dws_settings_location%26hl%3Den
110,Award-winning Physiotherapy/Physiotherapist Clinic Singapore ...,https://accounts.google.com/ServiceLogin%3Fcontinue%3Dhttps://www.google.com/search%253Fq%253DPhysical%252BTherapists%252Bin%252BSingapore%2526num%253D10%26hl%3Den
111,Core Concepts: Physiotherapy Clinic in Singapore,https://accounts.google.com/ServiceLogin%3Fcontinue%3Dhttps://www.google.com/search%253Fq%253DPhysical%252BTherapists%252Bin%252BSingapore%2526num%253D10%26hl%3Den
112,Physiotherapy (Physical Therapy) in Singapore | SSOC,https://accounts.google.com/ServiceLogin%3Fcontinue%3Dhttps://www.google.com/search%253Fq%253DPhysical%252BTherapists%252Bin%252BSingapore%2526num%253D10%26hl%3Den
113,5 Best Physiotherapy Clinics in Singapore: Top Physiotherapists,https://accounts.google.com/ServiceLogin%3Fcontinue%3Dhttps://www.google.com/search%253Fq%253DPhysical%252BTherapists%252Bin%252BSingapore%2526num%253D10%26hl%3Den
114,All the best physiotherapy clinics in Singapore - The Honeycombers,https://accounts.google.com/ServiceLogin%3Fcontinue%3Dhttps://www.google.com/search%253Fq%253DPhysical%252BTherapists%252Bin%252BSingapore%2526num%253D10%26hl%3Den
115,"THE BEST 10 Physical Therapy in Singapore, Singapore - Last ...",https://accounts.google.com/ServiceLogin%3Fcontinue%3Dhttps://www.google.com/search%253Fq%253DPhysical%252BTherapists%252Bin%252BSingapore%2526num%253D10%26hl%3Den
116,"Physiotherapy Singapore | Sports Physio, Sports Massage, Triathlon ...",https://accounts.google.com/ServiceLogin%3Fcontinue%3Dhttps://www.google.com/search%253Fq%253DPhysical%252BTherapists%252Bin%252BSingapore%2526num%253D10%26hl%3Den
117,Physical Therapist Singapore | Meet Our Team | MoveFree Physio,https://accounts.google.com/ServiceLogin%3Fcontinue%3Dhttps://www.google.com/search%253Fq%253DPhysical%252BTherapists%252Bin%252BSingapore%2526num%253D10%26hl%3Den
118,Singapore Physiotherapy Association,https://accounts.google.com/ServiceLogin%3Fcontinue%3Dhttps://www.google.com/search%253Fq%253DPhysical%252BTherapists%252Bin%252BSingapore%2526num%253D10%26hl%3Den
119,Best Physiotherapy Clinic in Singapore | bmjtherapy.com,https://accounts.google.com/ServiceLogin%3Fcontinue%3Dhttps://www.google.com/search%253Fq%253DPhysical%252BTherapists%252Bin%252BSingapore%2526num%253D10%26hl%3Den
